nome,id_usuario,contato
Patrícia Pereira,001,patrícia.pereira@exemplo.com
Lucas Oliveira,002,lucas.oliveira@exemplo.com
Lucas Ribeiro,003,lucas.ribeiro@exemplo.com
Fernanda Almeida,004,fernanda.almeida@exemplo.com
Juliana Barbosa,005,juliana.barbosa@exemplo.com
Camila Moura,006,camila.moura@exemplo.com
Carlos Barbosa,007,carlos.barbosa@exemplo.com
Juliana Almeida,008,juliana.almeida@exemplo.com
Camila Souza,009,camila.souza@exemplo.com
Daniel Almeida,010,daniel.almeida@exemplo.com
Juliana Oliveira,011,juliana.oliveira@exemplo.com
Patrícia Silva,012,patrícia.silva@exemplo.com
Carlos Almeida,013,carlos.almeida@exemplo.com
Camila Moura,014,camila.moura@exemplo.com
Camila Almeida,015,camila.almeida@exemplo.com
Bruno Almeida,016,bruno.almeida@exemplo.com
Carlos Almeida,017,carlos.almeida@exemplo.com
Carlos Souza,018,carlos.souza@exemplo.com
Patrícia Pereira,019,patrícia.pereira@exemplo.com
Bruno Oliveira,020,bruno.oliveira@exemplo.com
Bruno Barbosa,021,bruno.barbosa@exemplo.com
Juliana Almeida,022,juliana.almeida@exemplo.com
Lucas Pereira,023,lucas.pereira@exemplo.com
Marcos Costa,024,marcos.costa@exemplo.com
Ana Souza,025,ana.souza@exemplo.com
Lucas Silva,026,lucas.silva@exemplo.com
Fernanda Lima,027,fernanda.lima@exemplo.com
Carlos Silva,028,carlos.silva@exemplo.com
Lucas Lima,029,lucas.lima@exemplo.com
Fernanda Costa,030,fernanda.costa@exemplo.com
Patrícia Moura,031,patrícia.moura@exemplo.com
Daniel Moura,032,daniel.moura@exemplo.com
Fernanda Barbosa,033,fernanda.barbosa@exemplo.com
Patrícia Lima,034,patrícia.lima@exemplo.com
Bruno Lima,035,bruno.lima@exemplo.com
Ana Almeida,036,ana.almeida@exemplo.com
Carlos Silva,037,carlos.silva@exemplo.com
Lucas Barbosa,038,lucas.barbosa@exemplo.com
Ana Lima,039,ana.lima@exemplo.com
Juliana Lima,040,juliana.lima@exemplo.com
Ana Barbosa,041,ana.barbosa@exemplo.com
Lucas Costa,042,lucas.costa@exemplo.com
Ana Moura,043,ana.moura@exemplo.com
Camila Souza,044,camila.souza@exemplo.com
Lucas Lima,045,lucas.lima@exemplo.com
Lucas Souza,046,lucas.souza@exemplo.com
Daniel Lima,047,daniel.lima@exemplo.com
Ana Ribeiro,048,ana.ribeiro@exemplo.com
Camila Lima,049,camila.lima@exemplo.com
Juliana Almeida,050,juliana.almeida@exemplo.com
Patrícia Pereira,051,patrícia.pereira@exemplo.com
Carlos Souza,052,carlos.souza@exemplo.com
Lucas Lima,053,lucas.lima@exemplo.com
Camila Almeida,054,camila.almeida@exemplo.com
Bruno Souza,055,bruno.souza@exemplo.com
Patrícia Oliveira,056,patrícia.oliveira@exemplo.com
Daniel Barbosa,057,daniel.barbosa@exemplo.com
Ana Pereira,058,ana.pereira@exemplo.com
Patrícia Silva,059,patrícia.silva@exemplo.com
Carlos Moura,060,carlos.moura@exemplo.com
Patrícia Oliveira,061,patrícia.oliveira@exemplo.com
Fernanda Oliveira,062,fernanda.oliveira@exemplo.com
Ana Almeida,063,ana.almeida@exemplo.com
Daniel Almeida,064,daniel.almeida@exemplo.com
Daniel Silva,065,daniel.silva@exemplo.com
Daniel Souza,066,daniel.souza@exemplo.com
Ana Ribeiro,067,ana.ribeiro@exemplo.com
Fernanda Pereira,068,fernanda.pereira@exemplo.com
Marcos Costa,069,marcos.costa@exemplo.com
Juliana Souza,070,juliana.souza@exemplo.com
Carlos Moura,071,carlos.moura@exemplo.com
Fernanda Pereira,072,fernanda.pereira@exemplo.com
Camila Silva,073,camila.silva@exemplo.com
Fernanda Moura,074,fernanda.moura@exemplo.com
Carlos Moura,075,carlos.moura@exemplo.com
Daniel Moura,076,daniel.moura@exemplo.com
Marcos Silva,077,marcos.silva@exemplo.com
Camila Moura,078,camila.moura@exemplo.com
Marcos Almeida,079,marcos.almeida@exemplo.com
Bruno Almeida,080,bruno.almeida@exemplo.com
Fernanda Pereira,081,fernanda.pereira@exemplo.com
Camila Souza,082,camila.souza@exemplo.com
Fernanda Moura,083,fernanda.moura@exemplo.com
Carlos Silva,084,carlos.silva@exemplo.com
Lucas Oliveira,085,lucas.oliveira@exemplo.com
Fernanda Lima,086,fernanda.lima@exemplo.com
Carlos Pereira,087,carlos.pereira@exemplo.com
Ana Almeida,088,ana.almeida@exemplo.com
Daniel Pereira,089,daniel.pereira@exemplo.com
Juliana Silva,090,juliana.silva@exemplo.com
Lucas Souza,091,lucas.souza@exemplo.com
Camila Ribeiro,092,camila.ribeiro@exemplo.com
Camila Oliveira,093,camila.oliveira@exemplo.com
Bruno Pereira,094,bruno.pereira@exemplo.com
Lucas Almeida,095,lucas.almeida@exemplo.com
Lucas Lima,096,lucas.lima@exemplo.com
Fernanda Moura,097,fernanda.moura@exemplo.com
Camila Lima,098,camila.lima@exemplo.com
Fernanda Silva,099,fernanda.silva@exemplo.com
Carlos Moura,100,carlos.moura@exemplo.com
Bruno Almeida,101,bruno.almeida@exemplo.com
Ana Barbosa,102,ana.barbosa@exemplo.com
Bruno Moura,103,bruno.moura@exemplo.com
Fernanda Pereira,104,fernanda.pereira@exemplo.com
Bruno Lima,105,bruno.lima@exemplo.com
Ana Ribeiro,106,ana.ribeiro@exemplo.com
Fernanda Barbosa,107,fernanda.barbosa@exemplo.com
Marcos Costa,108,marcos.costa@exemplo.com
Fernanda Pereira,109,fernanda.pereira@exemplo.com
Juliana Pereira,110,juliana.pereira@exemplo.com
Lucas Oliveira,111,lucas.oliveira@exemplo.com
Bruno Barbosa,112,bruno.barbosa@exemplo.com
Patrícia Pereira,113,patrícia.pereira@exemplo.com
Lucas Pereira,114,lucas.pereira@exemplo.com
Carlos Ribeiro,115,carlos.ribeiro@exemplo.com
Juliana Costa,116,juliana.costa@exemplo.com
Daniel Ribeiro,117,daniel.ribeiro@exemplo.com
Fernanda Ribeiro,118,fernanda.ribeiro@exemplo.com
Carlos Barbosa,119,carlos.barbosa@exemplo.com
Fernanda Souza,120,fernanda.souza@exemplo.com
